<?xml version="1.0"?>
<doc>
    <assembly>
        <name>HtmlView</name>
    </assembly>
    <members>
        <member name="M:HtmlView.WebPanel.SetIeVersion(System.Int32,System.String)">
            <summary>
            Sets the IE version for the host process.
            </summary>
            <param name="version">The version of Internet Explorer. Use '10000' for IE10</param>
            <param name="appName">Name of the application (host processes). </param>
            <para>The name should include the file extension (e.g. "notepad++.exe").</para>
            <para>If not specified then the name of the current process will be used.</para>
            <returns><c>true</c> if the version has been changed, otherwise <c>false</c>.</returns>
        </member>
        <member name="F:HtmlView.WebPanel.components">
            <summary>
            Required designer variable.
            </summary>
        </member>
        <member name="M:HtmlView.WebPanel.Dispose(System.Boolean)">
            <summary>
            Clean up any resources being used.
            </summary>
            <param name="disposing">true if managed resources should be disposed; otherwise, false.</param>
        </member>
        <member name="M:HtmlView.WebPanel.InitializeComponent">
            <summary>
            Required method for Designer support - do not modify
            the contents of this method with the code editor.
            </summary>
        </member>
        <member name="M:HtmlView.Program.Main">
            <summary>
            The main entry point for the application.
            </summary>
        </member>
        <member name="T:HtmlView.Properties.Resources">
            <summary>
              A strongly-typed resource class, for looking up localized strings, etc.
            </summary>
        </member>
        <member name="P:HtmlView.Properties.Resources.ResourceManager">
            <summary>
              Returns the cached ResourceManager instance used by this class.
            </summary>
        </member>
        <member name="P:HtmlView.Properties.Resources.Culture">
            <summary>
              Overrides the current thread's CurrentUICulture property for all
              resource lookups using this strongly typed resource class.
            </summary>
        </member>
    </members>
</doc>
